ORDERNUMBER,PRODUCTLINE
10208,Trains# Ships# Classic Cars# Classic Cars# Classic Cars# Ships# Ships# Ships# Trains# Vintage Cars# Vintage Cars# Ships# Ships# Vintage Cars# Ships
10211,Classic Cars# Motorcycles# Classic Cars# Classic Cars# Motorcycles# Motorcycles# Motorcycles# Motorcycles# Motorcycles# Motorcycles# Classic Cars# Classic Cars# Classic Cars# Motorcycles# Classic Cars
10212,Classic Cars# Classic Cars# Classic Cars# Classic Cars# Classic Cars# Classic Cars# Classic Cars# Classic Cars# Classic Cars# Classic Cars# Classic Cars# Classic Cars# Classic Cars# Classic Cars# Classic Cars# Classic Cars
10213,Vintage Cars# Classic Cars# Classic Cars
10214,Vintage Cars# Vintage Cars# Vintage Cars# Vintage Cars# Vintage Cars# Vintage Cars# Vintage Cars
10216,Trucks and Buses
10218,Trucks and Buses# Classic Cars
10220,Classic Cars# Trains# Classic Cars# Classic Cars# Trains# Classic Cars# Trucks and Buses# Classic Cars# Classic Cars
10221,Ships# Trains# Vintage Cars# Ships# Vintage Cars
10224,Motorcycles# Motorcycles# Motorcycles# Motorcycles# Motorcycles# Motorcycles
10225,Classic Cars# Classic Cars# Classic Cars# Classic Cars# Classic Cars# Classic Cars# Classic Cars# Classic Cars# Classic Cars# Classic Cars# Classic Cars# Classic Cars# Classic Cars# Classic Cars
10227,Vintage Cars# Vintage Cars# Vintage Cars# Vintage Cars# Vintage Cars# Vintage Cars# Vintage Cars# Classic Cars# Vintage Cars# Classic Cars# Vintage Cars# Vintage Cars# Classic Cars# Classic Cars# Vintage Cars
10230,Classic Cars# Trains# Classic Cars# Trains# Classic Cars# Classic Cars# Classic Cars# Trucks and Buses
10231,Classic Cars# Classic Cars
10232,Ships# Vintage Cars# Ships# Vintage Cars# Ships# Trains# Ships# Ships
10238,Classic Cars# Classic Cars# Classic Cars# Classic Cars# Classic Cars# Classic Cars# Classic Cars# Classic Cars
10239,Classic Cars# Classic Cars# Classic Cars# Classic Cars# Classic Cars
10241,Classic Cars# Vintage Cars# Classic Cars# Classic Cars# Classic Cars# Classic Cars# Vintage Cars# Vintage Cars# Classic Cars# Classic Cars# Classic Cars# Classic Cars
10244,Vintage Cars# Vintage Cars# Vintage Cars# Vintage Cars# Vintage Cars# Vintage Cars# Vintage Cars# Vintage Cars# Vintage Cars
10246,Trucks and Buses# Trucks and Buses# Classic Cars# Classic Cars# Classic Cars# Trucks and Buses# Trucks and Buses# Trucks and Buses# Classic Cars# Trucks and Buses# Classic Cars
10247,Classic Cars# Trains# Trains# Classic Cars# Classic Cars# Classic Cars
10252,Classic Cars# Motorcycles# Motorcycles# Motorcycles# Classic Cars# Motorcycles# Classic Cars# Classic Cars# Motorcycles
10253,Classic Cars# Classic Cars# Classic Cars# Classic Cars# Classic Cars# Classic Cars# Classic Cars# Classic Cars# Classic Cars# Classic Cars# Classic Cars# Classic Cars# Classic Cars# Classic Cars
10255,Vintage Cars# Vintage Cars
10256,Vintage Cars# Vintage Cars
10262,Vintage Cars# Planes# Vintage Cars# Ships# Vintage Cars# Planes# Ships# Planes# Vintage Cars# Planes# Planes# Planes# Planes# Planes# Vintage Cars# Planes
10266,Classic Cars# Classic Cars# Classic Cars# Classic Cars# Classic Cars# Classic Cars# Classic Cars# Classic Cars# Classic Cars# Classic Cars# Classic Cars# Classic Cars# Classic Cars# Classic Cars# Classic Cars
10269,Vintage Cars# Vintage Cars
10273,Ships# Ships# Vintage Cars# Ships# Ships# Ships# Ships# Trains# Ships# Vintage Cars# Vintage Cars# Ships# Classic Cars# Vintage Cars# Vintage Cars
10275,Planes# Vintage Cars# Planes# Motorcycles# Motorcycles# Planes# Planes# Motorcycles# Motorcycles# Planes# Planes# Vintage Cars# Planes# Motorcycles# Planes# Motorcycles# Planes# Motorcycles
10279,Classic Cars# Classic Cars# Classic Cars# Classic Cars# Classic Cars# Classic Cars
10280,Vintage Cars# Vintage Cars# Vintage Cars# Vintage Cars# Vintage Cars# Vintage Cars# Vintage Cars# Classic Cars# Vintage Cars# Vintage Cars# Vintage Cars# Vintage Cars# Trucks and Buses# Vintage Cars# Vintage Cars# Vintage Cars# Vintage Cars
10284,Planes# Planes# Planes# Vintage Cars# Planes# Planes# Planes# Planes# Planes# Planes# Vintage Cars# Planes# Vintage Cars
10286,Motorcycles
10287,Classic Cars# Classic Cars# Classic Cars# Classic Cars# Classic Cars# Classic Cars# Classic Cars# Classic Cars# Classic Cars# Classic Cars# Classic Cars# Classic Cars# Classic Cars# Classic Cars# Classic Cars# Classic Cars# Classic Cars
10289,Vintage Cars# Vintage Cars# Vintage Cars# Vintage Cars
10291,Trucks and Buses# Vintage Cars# Classic Cars# Vintage Cars# Trucks and Buses# Trucks and Buses# Trucks and Buses# Trucks and Buses# Classic Cars# Vintage Cars# Trucks and Buses# Classic Cars# Vintage Cars# Trucks and Buses
10293,Ships# Ships# Vintage Cars# Classic Cars# Classic Cars# Vintage Cars# Ships# Trains# Classic Cars
10296,Planes# Vintage Cars# Planes# Planes# Ships# Planes# Planes# Ships# Planes# Planes# Planes# Vintage Cars# Vintage Cars# Vintage Cars
10297,Planes# Motorcycles# Planes# Planes# Vintage Cars# Motorcycles# Planes
10298,Motorcycles# Motorcycles
10299,Motorcycles# Motorcycles# Classic Cars# Motorcycles# Motorcycles# Motorcycles# Motorcycles# Motorcycles# Motorcycles# Motorcycles# Classic Cars
10303,Vintage Cars# Vintage Cars
10304,Vintage Cars# Vintage Cars# Trucks and Buses# Classic Cars# Vintage Cars# Vintage Cars# Classic Cars# Trucks and Buses# Vintage Cars# Trucks and Buses# Vintage Cars# Vintage Cars# Vintage Cars# Vintage Cars# Vintage Cars# Vintage Cars# Vintage Cars
10306,Ships# Classic Cars# Ships# Trains# Ships# Vintage Cars# Classic Cars# Ships# Vintage Cars# Vintage Cars# Classic Cars# Classic Cars# Trains# Ships# Trains# Ships# Ships
10309,Motorcycles# Motorcycles# Motorcycles# Motorcycles# Motorcycles# Motorcycles
10310,Classic Cars# Classic Cars# Classic Cars# Motorcycles# Classic Cars# Classic Cars# Classic Cars# Classic Cars# Classic Cars# Classic Cars# Classic Cars# Motorcycles# Classic Cars# Classic Cars# Classic Cars# Classic Cars# Classic Cars
10311,Classic Cars# Classic Cars# Classic Cars# Classic Cars# Classic Cars# Classic Cars# Classic Cars# Classic Cars# Classic Cars# Vintage Cars# Classic Cars
10314,Classic Cars# Trains# Classic Cars# Classic Cars# Trucks and Buses# Classic Cars# Vintage Cars# Trains# Classic Cars# Classic Cars# Trucks and Buses# Trains# Classic Cars# Classic Cars# Ships
10315,Vintage Cars# Ships# Ships# Ships# Ships# Ships# Vintage Cars
10316,Planes# Vintage Cars# Ships# Vintage Cars# Classic Cars# Planes# Planes# Planes# Vintage Cars# Vintage Cars# Planes# Planes# Planes# Ships# Vintage Cars# Planes# Planes# Ships
10320,Classic Cars# Classic Cars# Classic Cars# Classic Cars# Classic Cars
10323,Trucks and Buses# Vintage Cars
10325,Vintage Cars# Trains# Trains# Classic Cars# Classic Cars# Trucks and Buses# Trucks and Buses# Classic Cars# Classic Cars
10326,Ships# Vintage Cars# Trains# Vintage Cars# Ships# Vintage Cars
10327,Ships# Planes# Planes# Ships# Ships# Ships# Ships# Ships
10328,Planes# Planes# Planes# Planes# Vintage Cars# Planes# Planes# Planes# Vintage Cars# Vintage Cars# Planes# Ships# Planes# Vintage Cars
10332,Vintage Cars# Vintage Cars# Classic Cars# Classic Cars# Classic Cars# Vintage Cars# Classic Cars# Vintage Cars# Vintage Cars# Vintage Cars# Vintage Cars# Vintage Cars# Vintage Cars# Vintage Cars# Vintage Cars# Classic Cars# Classic Cars# Classic Cars
10334,Classic Cars# Trucks and Buses# Classic Cars# Trucks and Buses# Trucks and Buses# Trucks and Buses
10336,Classic Cars# Classic Cars# Trucks and Buses# Trains# Classic Cars# Classic Cars# Classic Cars# Classic Cars# Classic Cars# Trucks and Buses# Vintage Cars# Trains
10338,Vintage Cars# Planes# Ships
10340,Planes# Planes# Planes# Motorcycles# Motorcycles# Vintage Cars# Planes# Vintage Cars
10341,Classic Cars# Motorcycles# Planes# Motorcycles# Classic Cars# Motorcycles# Motorcycles# Classic Cars# Classic Cars# Motorcycles
10343,Classic Cars# Motorcycles# Classic Cars# Classic Cars# Classic Cars# Classic Cars
10344,Classic Cars# Vintage Cars# Classic Cars# Vintage Cars# Vintage Cars# Vintage Cars# Vintage Cars
10345,Vintage Cars
10348,Trucks and Buses# Trucks and Buses# Classic Cars# Vintage Cars# Trucks and Buses# Classic Cars# Vintage Cars# Classic Cars
10350,Vintage Cars# Classic Cars# Ships# Vintage Cars# Ships# Vintage Cars# Ships# Trains# Trains# Vintage Cars# Ships# Trains# Trucks and Buses# Ships# Ships# Ships# Ships
10351,Vintage Cars# Vintage Cars# Planes# Planes# Planes
10355,Motorcycles# Classic Cars# Classic Cars# Classic Cars# Classic Cars# Motorcycles# Motorcycles# Classic Cars# Motorcycles# Classic Cars
10356,Vintage Cars# Vintage Cars# Vintage Cars# Classic Cars# Vintage Cars# Motorcycles# Classic Cars# Vintage Cars# Vintage Cars
10358,Classic Cars# Trucks and Buses# Trucks and Buses# Vintage Cars# Trucks and Buses# Classic Cars# Trucks and Buses# Classic Cars# Trucks and Buses# Classic Cars# Classic Cars# Classic Cars# Classic Cars# Vintage Cars
10359,Trucks and Buses# Classic Cars# Classic Cars# Trains# Classic Cars# Trains# Trucks and Buses# Classic Cars
10363,Classic Cars# Motorcycles# Classic Cars# Classic Cars# Motorcycles# Classic Cars# Classic Cars# Motorcycles# Classic Cars# Motorcycles# Classic Cars# Classic Cars# Classic Cars# Classic Cars# Classic Cars
10364,Motorcycles
10366,Classic Cars# Classic Cars# Classic Cars
10373,Ships# Ships# Ships# Vintage Cars# Planes# Vintage Cars# Planes# Ships# Ships# Vintage Cars# Ships# Vintage Cars# Planes# Classic Cars# Ships# Planes# Planes
10375,Planes# Motorcycles# Planes# Planes# Motorcycles# Planes# Vintage Cars# Motorcycles# Motorcycles# Classic Cars# Motorcycles# Planes# Motorcycles# Vintage Cars# Motorcycles
10377,Classic Cars# Classic Cars# Classic Cars# Classic Cars# Classic Cars# Classic Cars
10378,Motorcycles# Classic Cars# Classic Cars# Classic Cars# Classic Cars# Classic Cars# Motorcycles# Classic Cars# Classic Cars# Classic Cars
10379,Vintage Cars# Classic Cars# Classic Cars# Classic Cars# Vintage Cars
10380,Classic Cars# Classic Cars# Vintage Cars# Vintage Cars# Classic Cars# Classic Cars# Classic Cars# Vintage Cars# Vintage Cars# Vintage Cars# Vintage Cars# Classic Cars# Vintage Cars
10383,Trains# Trucks and Buses# Classic Cars# Trucks and Buses# Trains# Vintage Cars# Classic Cars# Vintage Cars# Classic Cars# Trucks and Buses# Classic Cars# Trains# Classic Cars
10386,Planes# Ships# Ships# Planes# Planes# Planes# Ships# Ships# Planes# Planes# Vintage Cars# Planes# Ships# Planes# Planes# Ships# Planes# Vintage Cars
10389,Classic Cars# Classic Cars# Classic Cars# Motorcycles# Classic Cars# Classic Cars# Motorcycles# Motorcycles
10392,Vintage Cars# Vintage Cars# Vintage Cars
10394,Classic Cars# Trucks and Buses# Classic Cars# Classic Cars# Trains# Classic Cars# Classic Cars
10395,Classic Cars# Trains# Trucks and Buses# Classic Cars
10397,Ships# Ships# Ships# Ships# Ships
10398,Ships# Planes# Vintage Cars# Planes# Planes# Planes# Planes# Vintage Cars# Planes# Planes# Planes# Planes# Vintage Cars# Vintage Cars# Planes# Planes# Ships# Planes
10402,Motorcycles# Motorcycles# Motorcycles
10403,Motorcycles# Motorcycles# Motorcycles# Motorcycles# Motorcycles# Motorcycles# Motorcycles# Motorcycles# Motorcycles
10405,Classic Cars# Classic Cars# Classic Cars# Classic Cars# Classic Cars
10406,Classic Cars# Classic Cars# Classic Cars
10412,Trucks and Buses# Classic Cars# Trucks and Buses# Classic Cars# Trucks and Buses# Classic Cars# Classic Cars# Classic Cars# Trucks and Buses# Trucks and Buses# Trucks and Buses
10416,Planes# Vintage Cars# Motorcycles# Planes# Planes# Planes# Motorcycles# Planes# Planes# Vintage Cars# Planes# Planes# Planes# Planes
10417,Motorcycles# Motorcycles# Motorcycles# Motorcycles# Motorcycles# Motorcycles
10419,Classic Cars# Classic Cars# Classic Cars# Classic Cars# Classic Cars# Classic Cars# Classic Cars# Classic Cars# Classic Cars# Classic Cars# Classic Cars# Classic Cars# Classic Cars# Classic Cars
10423,Vintage Cars# Vintage Cars# Vintage Cars# Vintage Cars# Vintage Cars
10424,Trucks and Buses# Trucks and Buses# Vintage Cars# Classic Cars# Classic Cars# Trucks and Buses
10425,Trucks and Buses# Classic Cars# Trucks and Buses# Trucks and Buses# Trucks and Buses# Classic Cars# Classic Cars# Trucks and Buses# Trucks and Buses# Trucks and Buses# Classic Cars# Trucks and Buses# Classic Cars
